class_folder,subject_folder,sub_path,filename,size_kb
"10 NCRT","10 HINDI A","KRITHIKA 2/jhks1dd","jhks101.pdf",1045
"10 NCRT","10 HINDI A","KRITHIKA 2/jhks1dd","jhks102.pdf",741
"10 NCRT","10 HINDI A","KRITHIKA 2/jhks1dd","jhks103.pdf",447
"10 NCRT","10 HINDI A","KRITHIKA 2/jhks1dd","jhks104.pdf",721
"10 NCRT","10 HINDI A","KRITHIKA 2/jhks1dd","jhks105.pdf",675
"10 NCRT","10 HINDI A","KRITHIKA 2/jhks1dd","jhks106.pdf",994
"10 NCRT","10 HINDI A","KRITHIKA 2/jhks1dd","jhks107.pdf",837
"10 NCRT","10 HINDI A","KRITHIKA 2/jhks1dd","jhks108.pdf",816
"10 NCRT","10 HINDI A","KRITHIKA 2/jhks1dd","jhks109.pdf",598
"10 NCRT","10 HINDI A","KRITHIKA 2/jhks1dd","jhks110.pdf",1271
"10 NCRT","10 HINDI A","KRITHIKA 2/jhks1dd","jhks111.pdf",1054
"10 NCRT","10 HINDI A","KRITHIKA 2/jhks1dd","jhks112.pdf",698
"10 NCRT","10 HINDI A","KRITHIKA 2/jhks1dd","jhks1ps.pdf",2103
"10 NCRT","10 HINDI A","KSHITIJ 2","jhks101.pdf",1045
"10 NCRT","10 HINDI A","KSHITIJ 2","jhks102.pdf",741
"10 NCRT","10 HINDI A","KSHITIJ 2","jhks103.pdf",447
"10 NCRT","10 HINDI A","KSHITIJ 2","jhks104.pdf",721
"10 NCRT","10 HINDI A","KSHITIJ 2","jhks105.pdf",675
"10 NCRT","10 HINDI A","KSHITIJ 2","jhks106.pdf",994
"10 NCRT","10 HINDI A","KSHITIJ 2","jhks107.pdf",837
"10 NCRT","10 HINDI A","KSHITIJ 2","jhks108.pdf",816
"10 NCRT","10 HINDI A","KSHITIJ 2","jhks109.pdf",598
"10 NCRT","10 HINDI A","KSHITIJ 2","jhks110.pdf",1271
"10 NCRT","10 HINDI A","KSHITIJ 2","jhks111.pdf",1054
"10 NCRT","10 HINDI A","KSHITIJ 2","jhks112.pdf",698
"10 NCRT","10 HINDI A","KSHITIJ 2","jhks1ps.pdf",2103
"10 NCRT","10 HINDI B","10 SPARSH","jhsp101.pdf",1323
"10 NCRT","10 HINDI B","10 SPARSH","jhsp102.pdf",1097
"10 NCRT","10 HINDI B","10 SPARSH","jhsp103.pdf",1183
"10 NCRT","10 HINDI B","10 SPARSH","jhsp104.pdf",1132
"10 NCRT","10 HINDI B","10 SPARSH","jhsp105.pdf",1011
"10 NCRT","10 HINDI B","10 SPARSH","jhsp106.pdf",1062
"10 NCRT","10 HINDI B","10 SPARSH","jhsp107.pdf",1247
"10 NCRT","10 HINDI B","10 SPARSH","jhsp108.pdf",2039
"10 NCRT","10 HINDI B","10 SPARSH","jhsp109.pdf",1362
"10 NCRT","10 HINDI B","10 SPARSH","jhsp110.pdf",1457
"10 NCRT","10 HINDI B","10 SPARSH","jhsp111.pdf",1342
"10 NCRT","10 HINDI B","10 SPARSH","jhsp112.pdf",1324
"10 NCRT","10 HINDI B","10 SPARSH","jhsp113.pdf",1432
"10 NCRT","10 HINDI B","10 SPARSH","jhsp114.pdf",1468
"10 NCRT","10 HINDI B","10 SPARSH","jhsp1ps.pdf",1829
"10 NCRT","10 HINDI B","SANCHAYAN","jhsy101.pdf",2201
"10 NCRT","10 HINDI B","SANCHAYAN","jhsy102.pdf",1875
"10 NCRT","10 HINDI B","SANCHAYAN","jhsy103.pdf",1771
"10 NCRT","10 HINDI B","SANCHAYAN","jhsy1lp.pdf",919
"10 NCRT","10 HINDI B","SANCHAYAN","jhsy1ps.pdf",1579
"10 NCRT","10 maths","","jemh101.pdf",1498
"10 NCRT","10 maths","","jemh102.pdf",1646
"10 NCRT","10 maths","","jemh103.pdf",2035
"10 NCRT","10 maths","","jemh104.pdf",1464
"10 NCRT","10 maths","","jemh105.pdf",2302
"10 NCRT","10 maths","","jemh106.pdf",2733
"10 NCRT","10 maths","","jemh107.pdf",2102
"10 NCRT","10 maths","","jemh108.pdf",2177
"10 NCRT","10 maths","","jemh109.pdf",1795
"10 NCRT","10 maths","","jemh110.pdf",1334
"10 NCRT","10 maths","","jemh111.pdf",1279
"10 NCRT","10 maths","","jemh112.pdf",1582
"10 NCRT","10 maths","","jemh113.pdf",2738
"10 NCRT","10 maths","","jemh114.pdf",1804
"10 NCRT","10 maths","","jemh1a1.pdf",1976
"10 NCRT","10 maths","","jemh1a2.pdf",1418
"10 NCRT","10 maths","","jemh1an.pdf",1524
"10 NCRT","10 maths","","jemh1ps.pdf",1923
"10 NCRT","10 SCIENCE","","jesc101.pdf",4063
"10 NCRT","10 SCIENCE","","jesc102.pdf",3865
"10 NCRT","10 SCIENCE","","jesc103.pdf",2823
"10 NCRT","10 SCIENCE","","jesc104.pdf",12129
"10 NCRT","10 SCIENCE","","jesc105.pdf",8810
"10 NCRT","10 SCIENCE","","jesc106.pdf",2322
"10 NCRT","10 SCIENCE","","jesc107.pdf",3962
"10 NCRT","10 SCIENCE","","jesc108.pdf",17696
"10 NCRT","10 SCIENCE","","jesc109.pdf",2680
"10 NCRT","10 SCIENCE","","jesc110.pdf",1684
"10 NCRT","10 SCIENCE","","jesc111.pdf",2534
"10 NCRT","10 SCIENCE","","jesc112.pdf",2163
"10 NCRT","10 SCIENCE","","jesc113.pdf",4096
"10 NCRT","10 SCIENCE","","jesc1an.pdf",806
"10 NCRT","10 SCIENCE","","jesc1ps.pdf",3348
"10 NCRT","10 social","ECONOMICS","jess201.pdf",2426
"10 NCRT","10 social","ECONOMICS","jess202.pdf",2976
"10 NCRT","10 social","ECONOMICS","jess203.pdf",3296
"10 NCRT","10 social","ECONOMICS","jess204.pdf",3500
"10 NCRT","10 social","ECONOMICS","jess205.pdf",3109
"10 NCRT","10 social","ECONOMICS","jess2ps.pdf",1842
"10 NCRT","10 social","GEOGRAPHY","jess101.pdf",1757
"10 NCRT","10 social","GEOGRAPHY","jess102.pdf",1548
"10 NCRT","10 social","GEOGRAPHY","jess103.pdf",1938
"10 NCRT","10 social","GEOGRAPHY","jess104.pdf",2198
"10 NCRT","10 social","GEOGRAPHY","jess105.pdf",2635
"10 NCRT","10 social","GEOGRAPHY","jess106.pdf",1605
"10 NCRT","10 social","GEOGRAPHY","jess107.pdf",2150
"10 NCRT","10 social","GEOGRAPHY","jess1a1.pdf",439
"10 NCRT","10 social","GEOGRAPHY","jess1ps.pdf",1526
"10 NCRT","10 social","HISTORY","jess301.pdf",5516
"10 NCRT","10 social","HISTORY","jess302.pdf",4938
"10 NCRT","10 social","HISTORY","jess303.pdf",5918
"10 NCRT","10 social","HISTORY","jess304.pdf",5874
"10 NCRT","10 social","HISTORY","jess305.pdf",5338
"10 NCRT","10 social","HISTORY","jess3ps.pdf",1906
"10 NCRT","10 social","POLITICS","jess401.pdf",1821
"10 NCRT","10 social","POLITICS","jess402.pdf",2633
"10 NCRT","10 social","POLITICS","jess403.pdf",2303
"10 NCRT","10 social","POLITICS","jess404.pdf",3472
"10 NCRT","10 social","POLITICS","jess405.pdf",2113
"10 NCRT","10 social","POLITICS","jess4ps.pdf",2066
"10 NCRT","ENGLISH","10  english first flight","chapter 1 Letter to God.pdf",2084
"10 NCRT","ENGLISH","10  english first flight","Chapter 2 Nelson Mandela Lond Walk to Freedom.pdf",2126
"10 NCRT","ENGLISH","10  english first flight","chapter 3 Two Stories about Flying.pdf",2270
"10 NCRT","ENGLISH","10  english first flight","Chapter 4 From the Dairy of Anne  Frank.pdf",1908
"10 NCRT","ENGLISH","10  english first flight","Chapter 5 Glimpses of India.pdf",2064
"10 NCRT","ENGLISH","10  english first flight","Chapter 6 Mijbil the Otter.pdf",1899
"10 NCRT","ENGLISH","10  english first flight","Chapter 7Madam Rides the Bus.pdf",2349
"10 NCRT","ENGLISH","10  english first flight","Chapter 8 The Sermon at Banares.pdf",1510
"10 NCRT","ENGLISH","10  english first flight","Chapter 9 The Proposal.pdf",2377
"10 NCRT","ENGLISH","10  english first flight","FIRST FLIGHT Text Book for class 10.pdf",1480
"10 NCRT","ENGLISH","10 ENGLISH FOOTPRINT WITHOUT FEET","jefp101.pdf",2590
"10 NCRT","ENGLISH","10 ENGLISH FOOTPRINT WITHOUT FEET","jefp102.pdf",2230
"10 NCRT","ENGLISH","10 ENGLISH FOOTPRINT WITHOUT FEET","jefp103.pdf",2431
"10 NCRT","ENGLISH","10 ENGLISH FOOTPRINT WITHOUT FEET","jefp104.pdf",2233
"10 NCRT","ENGLISH","10 ENGLISH FOOTPRINT WITHOUT FEET","jefp105.pdf",2303
"10 NCRT","ENGLISH","10 ENGLISH FOOTPRINT WITHOUT FEET","jefp106.pdf",2362
"10 NCRT","ENGLISH","10 ENGLISH FOOTPRINT WITHOUT FEET","jefp107.pdf",2693
"10 NCRT","ENGLISH","10 ENGLISH FOOTPRINT WITHOUT FEET","jefp108.pdf",2811
"10 NCRT","ENGLISH","10 ENGLISH FOOTPRINT WITHOUT FEET","jefp109.pdf",3981
"10 NCRT","ENGLISH","10 ENGLISH FOOTPRINT WITHOUT FEET","jefp1ps.pdf",1880
"10 NCRT","ENGLISH","10 ENGLISH word and expression ii","jewe201.pdf",2475
"10 NCRT","ENGLISH","10 ENGLISH word and expression ii","jewe202.pdf",2476
"10 NCRT","ENGLISH","10 ENGLISH word and expression ii","jewe203.pdf",2431
"10 NCRT","ENGLISH","10 ENGLISH word and expression ii","jewe204..pdf",2309
"10 NCRT","ENGLISH","10 ENGLISH word and expression ii","jewe205.pdf",2804
"10 NCRT","ENGLISH","10 ENGLISH word and expression ii","jewe206.pdf",3308
"10 NCRT","ENGLISH","10 ENGLISH word and expression ii","jewe207.pdf",2905
"10 NCRT","ENGLISH","10 ENGLISH word and expression ii","jewe208.pdf",2499
"10 NCRT","ENGLISH","10 ENGLISH word and expression ii","jewe209..pdf",2998
"10 NCRT","ENGLISH","10 ENGLISH word and expression ii","jewe2ps.pdf",2073
"11 NCRT SC","accountancy ii","","keac201.pdf",3089
"11 NCRT SC","accountancy ii","","keac202.pdf",869
"11 NCRT SC","accountancy ii","","keac2ps.pdf",1047
"11 NCRT SC","ACCOUNTANCY","","ACC Chapter 01 Introduction to Accounting.pdf",2442
"11 NCRT SC","ACCOUNTANCY","","ACCOUNTANCY fINANCIAL ACCOUNTING  INDEX.pdf",1548
"11 NCRT SC","ACCOUNTANCY","","CHAPTER  2 Theory Base of Accounting.pdf",2136
"11 NCRT SC","ACCOUNTANCY","","Chapter 3 Recording of Transactions-I.pdf",3871
"11 NCRT SC","ACCOUNTANCY","","Chapter 4 Recording of Transactions-II.pdf",4892
"11 NCRT SC","ACCOUNTANCY","","Chapter 5 Bank Reconciliation Statement.pdf",1772
"11 NCRT SC","ACCOUNTANCY","","Chapter 6 Trial Balance and Rectification of Errors.pdf",3461
"11 NCRT SC","ACCOUNTANCY","","Chapter 7 Depreciation, Provisions and Reserves.pdf",3819
"11 NCRT SC","BIOLOGY","","kebo101.pdf",2210
"11 NCRT SC","BIOLOGY","","kebo102.pdf",3216
"11 NCRT SC","BIOLOGY","","kebo103.pdf",5059
"11 NCRT SC","BIOLOGY","","kebo104.pdf",6072
"11 NCRT SC","BIOLOGY","","kebo105.pdf",3351
"11 NCRT SC","BIOLOGY","","kebo106.pdf",1855
"11 NCRT SC","BIOLOGY","","kebo107.pdf",988
"11 NCRT SC","BIOLOGY","","kebo108.pdf",6821
"11 NCRT SC","BIOLOGY","","kebo109.pdf",1808
"11 NCRT SC","BIOLOGY","","kebo110.pdf",2430
"11 NCRT SC","BIOLOGY","","kebo111.pdf",2614
"11 NCRT SC","BIOLOGY","","kebo112.pdf",1613
"11 NCRT SC","BIOLOGY","","kebo113.pdf",1876
"11 NCRT SC","BIOLOGY","","kebo114.pdf",2003
"11 NCRT SC","BIOLOGY","","kebo115.pdf",3032
"11 NCRT SC","BIOLOGY","","kebo116.pdf",1730
"11 NCRT SC","BIOLOGY","","kebo117.pdf",4394
"11 NCRT SC","BIOLOGY","","kebo118.pdf",4153
"11 NCRT SC","BIOLOGY","","kebo119.pdf",2079
"11 NCRT SC","BIOLOGY","","kebo1ps.pdf",2882
"11 NCRT SC","BIOTECHNOLOGY","","kebt101.pdf",3323
"11 NCRT SC","BIOTECHNOLOGY","","kebt102.pdf",11873
"11 NCRT SC","BIOTECHNOLOGY","","kebt103.pdf",4881
"11 NCRT SC","BIOTECHNOLOGY","","kebt104.pdf",2434
"11 NCRT SC","BIOTECHNOLOGY","","kebt105.pdf",6038
"11 NCRT SC","BIOTECHNOLOGY","","kebt106.pdf",4918
"11 NCRT SC","BIOTECHNOLOGY","","kebt107.pdf",8316
"11 NCRT SC","BIOTECHNOLOGY","","kebt108.pdf",2585
"11 NCRT SC","BIOTECHNOLOGY","","kebt109.pdf",3098
"11 NCRT SC","BIOTECHNOLOGY","","kebt110.pdf",2013
"11 NCRT SC","BIOTECHNOLOGY","","kebt111.pdf",1627
"11 NCRT SC","BIOTECHNOLOGY","","kebt112.pdf",4568
"11 NCRT SC","BIOTECHNOLOGY","","kebt1ps.pdf",2150
"11 NCRT SC","BUSINESS STUDIES","","kebs101.pdf",1922
"11 NCRT SC","BUSINESS STUDIES","","kebs102.pdf",2353
"11 NCRT SC","BUSINESS STUDIES","","kebs103.pdf",1694
"11 NCRT SC","BUSINESS STUDIES","","kebs104.pdf",2627
"11 NCRT SC","BUSINESS STUDIES","","kebs105.pdf",1908
"11 NCRT SC","BUSINESS STUDIES","","kebs106.pdf",1408
"11 NCRT SC","BUSINESS STUDIES","","kebs107.pdf",1535
"11 NCRT SC","BUSINESS STUDIES","","kebs108.pdf",2158
"11 NCRT SC","BUSINESS STUDIES","","kebs109.pdf",1299
"11 NCRT SC","BUSINESS STUDIES","","kebs110.pdf",2371
"11 NCRT SC","BUSINESS STUDIES","","kebs111.pdf",3126
"11 NCRT SC","BUSINESS STUDIES","","kebs1ps.pdf",981
"11 NCRT SC","chemistry part 1","","kech101.pdf",3913
"11 NCRT SC","chemistry part 1","","kech102.pdf",5355
"11 NCRT SC","chemistry part 1","","kech103.pdf",3361
"11 NCRT SC","chemistry part 1","","kech104.pdf",5022
"11 NCRT SC","chemistry part 1","","kech105.pdf",5003
"11 NCRT SC","chemistry part 1","","kech106.pdf",5540
"11 NCRT SC","chemistry part 1","","kech1a1.pdf",1591
"11 NCRT SC","chemistry part 1","","kech1an.pdf",980
"11 NCRT SC","chemistry part 1","","kech1ps.pdf",2365
"11 NCRT SC","chemistry part 2","","kech201.pdf",1884
"11 NCRT SC","chemistry part 2","","kech202.pdf",4357
"11 NCRT SC","chemistry part 2","","kech203.pdf",3219
"11 NCRT SC","chemistry part 2","","kech2an.pdf",479
"11 NCRT SC","chemistry part 2","","kech2ps.pdf",1574
"11 NCRT SC","COMPUTER SCIENCE","","kecs101.pdf",2839
"11 NCRT SC","COMPUTER SCIENCE","","kecs102.pdf",2109
"11 NCRT SC","COMPUTER SCIENCE","","kecs103.pdf",2342
"11 NCRT SC","COMPUTER SCIENCE","","kecs104.pdf",3229
"11 NCRT SC","COMPUTER SCIENCE","","kecs105.pdf",3330
"11 NCRT SC","COMPUTER SCIENCE","","kecs106.pdf",2536
"11 NCRT SC","COMPUTER SCIENCE","","kecs107.pdf",2995
"11 NCRT SC","COMPUTER SCIENCE","","kecs108.pdf",1582
"11 NCRT SC","COMPUTER SCIENCE","","kecs109.pdf",1880
"11 NCRT SC","COMPUTER SCIENCE","","kecs110.pdf",2202
"11 NCRT SC","COMPUTER SCIENCE","","kecs111.pdf",2877
"11 NCRT SC","COMPUTER SCIENCE","","kecs1ps.pdf",2367
"11 NCRT SC","ECONOMICS - ECONOMIC DEVELOPMENT","","keec101.pdf",2183
"11 NCRT SC","ECONOMICS - ECONOMIC DEVELOPMENT","","keec102.pdf",2469
"11 NCRT SC","ECONOMICS - ECONOMIC DEVELOPMENT","","keec103.pdf",2851
"11 NCRT SC","ECONOMICS - ECONOMIC DEVELOPMENT","","keec104.pdf",2871
"11 NCRT SC","ECONOMICS - ECONOMIC DEVELOPMENT","","keec105.pdf",3049
"11 NCRT SC","ECONOMICS - ECONOMIC DEVELOPMENT","","keec106.pdf",4598
"11 NCRT SC","ECONOMICS - ECONOMIC DEVELOPMENT","","keec107.pdf",4217
"11 NCRT SC","ECONOMICS - ECONOMIC DEVELOPMENT","","keec108.pdf",2715
"11 NCRT SC","ECONOMICS - ECONOMIC DEVELOPMENT","","keec1gl.pdf",1168
"11 NCRT SC","ECONOMICS - ECONOMIC DEVELOPMENT","","keec1ps.pdf",2298
"11 NCRT SC","ECONOMICS 2 STATITICS FOR ECONOMICS","","kest101.pdf",1270
"11 NCRT SC","ECONOMICS 2 STATITICS FOR ECONOMICS","","kest102.pdf",1779
"11 NCRT SC","ECONOMICS 2 STATITICS FOR ECONOMICS","","kest103.pdf",2114
"11 NCRT SC","ECONOMICS 2 STATITICS FOR ECONOMICS","","kest104.pdf",2233
"11 NCRT SC","ECONOMICS 2 STATITICS FOR ECONOMICS","","kest105.pdf",1352
"11 NCRT SC","ECONOMICS 2 STATITICS FOR ECONOMICS","","kest106.pdf",1918
"11 NCRT SC","ECONOMICS 2 STATITICS FOR ECONOMICS","","kest107.pdf",1173
"11 NCRT SC","ECONOMICS 2 STATITICS FOR ECONOMICS","","kest108.pdf",1846
"11 NCRT SC","ECONOMICS 2 STATITICS FOR ECONOMICS","","kest1ps.pdf",1847
"11 NCRT SC","ENGLISH HORN BILL","","kehb101.pdf",1461
"11 NCRT SC","ENGLISH HORN BILL","","kehb102.pdf",1243
"11 NCRT SC","ENGLISH HORN BILL","","kehb103.pdf",1860
"11 NCRT SC","ENGLISH HORN BILL","","kehb104.pdf",1162
"11 NCRT SC","ENGLISH HORN BILL","","kehb105.pdf",1572
"11 NCRT SC","ENGLISH HORN BILL","","kehb106.pdf",1586
"11 NCRT SC","ENGLISH HORN BILL","","kehb111.pdf",1167
"11 NCRT SC","ENGLISH HORN BILL","","kehb112.pdf",872
"11 NCRT SC","ENGLISH HORN BILL","","kehb113.pdf",801
"11 NCRT SC","ENGLISH HORN BILL","","kehb114.pdf",1069
"11 NCRT SC","ENGLISH HORN BILL","","kehb115.pdf",1218
"11 NCRT SC","ENGLISH HORN BILL","","kehb116.pdf",801
"11 NCRT SC","ENGLISH HORN BILL","","kehb1ps.pdf",4403
"11 NCRT SC","ENGLISH WOOVEN WORDS","","keww101.pdf",1099
"11 NCRT SC","ENGLISH WOOVEN WORDS","","keww102.pdf",1212
"11 NCRT SC","ENGLISH WOOVEN WORDS","","keww103.pdf",1669
"11 NCRT SC","ENGLISH WOOVEN WORDS","","keww104.pdf",1730
"11 NCRT SC","ENGLISH WOOVEN WORDS","","keww105.pdf",903
"11 NCRT SC","ENGLISH WOOVEN WORDS","","keww106.pdf",1992
"11 NCRT SC","ENGLISH WOOVEN WORDS","","keww107.pdf",1535
"11 NCRT SC","ENGLISH WOOVEN WORDS","","keww108.pdf",962
"11 NCRT SC","ENGLISH WOOVEN WORDS","","keww111.pdf",712
"11 NCRT SC","ENGLISH WOOVEN WORDS","","keww112.pdf",638
"11 NCRT SC","ENGLISH WOOVEN WORDS","","keww113.pdf",702
"11 NCRT SC","ENGLISH WOOVEN WORDS","","keww114.pdf",708
"11 NCRT SC","ENGLISH WOOVEN WORDS","","keww115.pdf",641
"11 NCRT SC","ENGLISH WOOVEN WORDS","","keww116.pdf",638
"11 NCRT SC","ENGLISH WOOVEN WORDS","","keww117.pdf",734
"11 NCRT SC","ENGLISH WOOVEN WORDS","","keww118.pdf",1081
"11 NCRT SC","ENGLISH WOOVEN WORDS","","keww119.pdf",702
"11 NCRT SC","ENGLISH WOOVEN WORDS","","keww120.pdf",710
"11 NCRT SC","ENGLISH WOOVEN WORDS","","keww121.pdf",852
"11 NCRT SC","ENGLISH WOOVEN WORDS","","keww122.pdf",749
"11 NCRT SC","ENGLISH WOOVEN WORDS","","keww131.pdf",951
"11 NCRT SC","ENGLISH WOOVEN WORDS","","keww132.pdf",705
"11 NCRT SC","ENGLISH WOOVEN WORDS","","keww133.pdf",1030
"11 NCRT SC","ENGLISH WOOVEN WORDS","","keww134.pdf",1814
"11 NCRT SC","ENGLISH WOOVEN WORDS","","keww135.pdf",1029
"11 NCRT SC","ENGLISH WOOVEN WORDS","","keww136.pdf",900
"11 NCRT SC","ENGLISH WOOVEN WORDS","","keww137.pdf",1214
"11 NCRT SC","ENGLISH WOOVEN WORDS","","keww1ps.pdf",1224
"11 NCRT SC","GEOGRAPHY","","kegy201.pdf",1180
"11 NCRT SC","GEOGRAPHY","","kegy202.pdf",641
"11 NCRT SC","GEOGRAPHY","","kegy203.pdf",1051
"11 NCRT SC","GEOGRAPHY","","kegy204.pdf",893
"11 NCRT SC","GEOGRAPHY","","kegy205.pdf",930
"11 NCRT SC","GEOGRAPHY","","kegy206.pdf",1475
"11 NCRT SC","GEOGRAPHY","","kegy207.pdf",402
"11 NCRT SC","GEOGRAPHY","","kegy208.pdf",895
"11 NCRT SC","GEOGRAPHY","","kegy209.pdf",1114
"11 NCRT SC","GEOGRAPHY","","kegy210.pdf",475
"11 NCRT SC","GEOGRAPHY","","kegy211.pdf",1221
"11 NCRT SC","GEOGRAPHY","","kegy212.pdf",957
"11 NCRT SC","GEOGRAPHY","","kegy213.pdf",625
"11 NCRT SC","GEOGRAPHY","","kegy214.pdf",644
"11 NCRT SC","GEOGRAPHY","","kegy2gl.pdf",453
"11 NCRT SC","GEOGRAPHY","","kegy2ps.pdf",1639
"11 NCRT SC","HINDI AROH","","khar101.pdf",1947
"11 NCRT SC","HINDI AROH","","khar102.pdf",1380
"11 NCRT SC","HINDI AROH","","khar103.pdf",1437
"11 NCRT SC","HINDI AROH","","khar104.pdf",1215
"11 NCRT SC","HINDI AROH","","khar105.pdf",1535
"11 NCRT SC","HINDI AROH","","khar106.pdf",1944
"11 NCRT SC","HINDI AROH","","khar107.pdf",1452
"11 NCRT SC","HINDI AROH","","khar108.pdf",914
"11 NCRT SC","HINDI AROH","","khar109.pdf",982
"11 NCRT SC","HINDI AROH","","khar110.pdf",807
"11 NCRT SC","HINDI AROH","","khar111.pdf",1142
"11 NCRT SC","HINDI AROH","","khar112.pdf",954
"11 NCRT SC","HINDI AROH","","khar113.pdf",842
"11 NCRT SC","HINDI AROH","","khar114.pdf",779
"11 NCRT SC","HINDI AROH","","khar115.pdf",909
"11 NCRT SC","HINDI AROH","","khar116.pdf",944
"11 NCRT SC","HINDI AROH","","khar1ps.pdf",1550
"11 NCRT SC","HISTORY- THEMES IN WORLD HISTORY","","kehs101.pdf",3702
"11 NCRT SC","HISTORY- THEMES IN WORLD HISTORY","","kehs102.pdf",6003
"11 NCRT SC","HISTORY- THEMES IN WORLD HISTORY","","kehs103.pdf",1754
"11 NCRT SC","HISTORY- THEMES IN WORLD HISTORY","","kehs104.pdf",3028
"11 NCRT SC","HISTORY- THEMES IN WORLD HISTORY","","kehs105.pdf",2106
"11 NCRT SC","HISTORY- THEMES IN WORLD HISTORY","","kehs106.pdf",3605
"11 NCRT SC","HISTORY- THEMES IN WORLD HISTORY","","kehs107.pdf",3648
"11 NCRT SC","HISTORY- THEMES IN WORLD HISTORY","","kehs1ps.pdf",6543
"11 NCRT SC","INFORMATIC PRACTICES","","keip101.pdf",2032
"11 NCRT SC","INFORMATIC PRACTICES","","keip102.pdf",2571
"11 NCRT SC","INFORMATIC PRACTICES","","keip103.pdf",2686
"11 NCRT SC","INFORMATIC PRACTICES","","keip104.pdf",2568
"11 NCRT SC","INFORMATIC PRACTICES","","keip105.pdf",1891
"11 NCRT SC","INFORMATIC PRACTICES","","keip106.pdf",2797
"11 NCRT SC","INFORMATIC PRACTICES","","keip107.pdf",2546
"11 NCRT SC","INFORMATIC PRACTICES","","keip108.pdf",3289
"11 NCRT SC","INFORMATIC PRACTICES","","keip1ps.pdf",3360
"11 NCRT SC","MATHS","","kemh101.pdf",2171
"11 NCRT SC","MATHS","","kemh102.pdf",2000
"11 NCRT SC","MATHS","","kemh103.pdf",2965
"11 NCRT SC","MATHS","","kemh104.pdf",1523
"11 NCRT SC","MATHS","","kemh105.pdf",1329
"11 NCRT SC","MATHS","","kemh106.pdf",2351
"11 NCRT SC","MATHS","","kemh107.pdf",1256
"11 NCRT SC","MATHS","","kemh108.pdf",1680
"11 NCRT SC","MATHS","","kemh109.pdf",2410
"11 NCRT SC","MATHS","","kemh110.pdf",2974
"11 NCRT SC","MATHS","","kemh111.pdf",1226
"11 NCRT SC","MATHS","","kemh112.pdf",3346
"11 NCRT SC","MATHS","","kemh113.pdf",2784
"11 NCRT SC","MATHS","","kemh114.pdf",2274
"11 NCRT SC","MATHS","","kemh1a1.pdf",1185
"11 NCRT SC","MATHS","","kemh1a2.pdf",1454
"11 NCRT SC","MATHS","","kemh1an.pdf",2079
"11 NCRT SC","MATHS","","kemh1ps.pdf",1888
"11 NCRT SC","MATHS","","kemh1sm.pdf",1188
"11 NCRT SC","PHYSICS 1","","keph101.pdf",1105
"11 NCRT SC","PHYSICS 1","","keph102.pdf",1394
"11 NCRT SC","PHYSICS 1","","keph103.pdf",2147
"11 NCRT SC","PHYSICS 1","","keph104.pdf",2057
"11 NCRT SC","PHYSICS 1","","keph105.pdf",1942
"11 NCRT SC","PHYSICS 1","","keph106.pdf",4126
"11 NCRT SC","PHYSICS 1","","keph107.pdf",1761
"11 NCRT SC","PHYSICS 1","","keph1a1.pdf",3694
"11 NCRT SC","PHYSICS 1","","keph1an.pdf",683
"11 NCRT SC","PHYSICS 1","","keph1ps.pdf",1846
"11 NCRT SC","PHYSICS 2","","keph201.pdf",1194
"11 NCRT SC","PHYSICS 2","","keph202.pdf",2135
"11 NCRT SC","PHYSICS 2","","keph203.pdf",2206
"11 NCRT SC","PHYSICS 2","","keph204.pdf",1768
"11 NCRT SC","PHYSICS 2","","keph205.pdf",1443
"11 NCRT SC","PHYSICS 2","","keph206.pdf",1558
"11 NCRT SC","PHYSICS 2","","keph207.pdf",1978
"11 NCRT SC","PHYSICS 2","","keph2an.pdf",1057
"11 NCRT SC","PHYSICS 2","","keph2ps.pdf",1410
"11 NCRT SC","POLITICAL SCIENCE INDIAN CONSTITUTION AT WORK","","keps201.pdf",2833
"11 NCRT SC","POLITICAL SCIENCE INDIAN CONSTITUTION AT WORK","","keps202.pdf",2883
"11 NCRT SC","POLITICAL SCIENCE INDIAN CONSTITUTION AT WORK","","keps203.pdf",3140
"11 NCRT SC","POLITICAL SCIENCE INDIAN CONSTITUTION AT WORK","","keps204.pdf",2796
"11 NCRT SC","POLITICAL SCIENCE INDIAN CONSTITUTION AT WORK","","keps205.pdf",3066
"11 NCRT SC","POLITICAL SCIENCE INDIAN CONSTITUTION AT WORK","","keps206.pdf",2988
"11 NCRT SC","POLITICAL SCIENCE INDIAN CONSTITUTION AT WORK","","keps207.pdf",3498
"11 NCRT SC","POLITICAL SCIENCE INDIAN CONSTITUTION AT WORK","","keps208.pdf",2656
"11 NCRT SC","POLITICAL SCIENCE INDIAN CONSTITUTION AT WORK","","keps209.pdf",2551
"11 NCRT SC","POLITICAL SCIENCE INDIAN CONSTITUTION AT WORK","","keps210.pdf",2478
"11 NCRT SC","POLITICAL SCIENCE INDIAN CONSTITUTION AT WORK","","keps2ps.pdf",2513
"11 NCRT SC","POLITICAL SCIENCE POLITICAL THEORY","","keps101.pdf",1732
"11 NCRT SC","POLITICAL SCIENCE POLITICAL THEORY","","keps102.pdf",2028
"11 NCRT SC","POLITICAL SCIENCE POLITICAL THEORY","","keps103.pdf",2848
"11 NCRT SC","POLITICAL SCIENCE POLITICAL THEORY","","keps104.pdf",1992
"11 NCRT SC","POLITICAL SCIENCE POLITICAL THEORY","","keps105.pdf",1797
"11 NCRT SC","POLITICAL SCIENCE POLITICAL THEORY","","keps106.pdf",2513
"11 NCRT SC","POLITICAL SCIENCE POLITICAL THEORY","","keps107.pdf",2647
"11 NCRT SC","POLITICAL SCIENCE POLITICAL THEORY","","keps108.pdf",2255
"11 NCRT SC","POLITICAL SCIENCE POLITICAL THEORY","","keps1ps.pdf",997
"11 NCRT SC","PSYCHOLOGY","","kepy101.pdf",1881
"11 NCRT SC","PSYCHOLOGY","","kepy102.pdf",2073
"11 NCRT SC","PSYCHOLOGY","","kepy103.pdf",2039
"11 NCRT SC","PSYCHOLOGY","","kepy104.pdf",1910
"11 NCRT SC","PSYCHOLOGY","","kepy105.pdf",1894
"11 NCRT SC","PSYCHOLOGY","","kepy106.pdf",1624
"11 NCRT SC","PSYCHOLOGY","","kepy107.pdf",2271
"11 NCRT SC","PSYCHOLOGY","","kepy108.pdf",1464
"11 NCRT SC","PSYCHOLOGY","","kepy1gl.pdf",1231
"11 NCRT SC","PSYCHOLOGY","","kepy1ps.pdf",2410
"11 NCRT SC","SOCIOLOGY UNDERSTANDING SOCIETY","","kesy201.pdf",2068
"11 NCRT SC","SOCIOLOGY UNDERSTANDING SOCIETY","","kesy202.pdf",2773
"11 NCRT SC","SOCIOLOGY UNDERSTANDING SOCIETY","","kesy203.pdf",1768
"11 NCRT SC","SOCIOLOGY UNDERSTANDING SOCIETY","","kesy204.pdf",2189
"11 NCRT SC","SOCIOLOGY UNDERSTANDING SOCIETY","","kesy205.pdf",2359
"11 NCRT SC","SOCIOLOGY UNDERSTANDING SOCIETY","","kesy2ps.pdf",1631
"11 NCRT SC","SOCIOLOGY","","kesy101.pdf",4370
"11 NCRT SC","SOCIOLOGY","","kesy102.pdf",1901
"11 NCRT SC","SOCIOLOGY","","kesy103.pdf",4480
"11 NCRT SC","SOCIOLOGY","","kesy104.pdf",2532
"11 NCRT SC","SOCIOLOGY","","kesy105.pdf",1851
"11 NCRT SC","SOCIOLOGY","","kesy1ps.pdf",1270
"9 NCRT","9 ENGLISH","","1 How I Taught My Grandmother to Read.pdf",4715
"9 NCRT","9 ENGLISH","","2 The Pot Maker.pdf",5247
"9 NCRT","9 ENGLISH","","3 Winds of  Change.pdf",3894
"9 NCRT","9 ENGLISH","","4 Vitamin-M.pdf",4591
"9 NCRT","9 ENGLISH","","5 The World of Limitless Possibilities.pdf",3500
"9 NCRT","9 ENGLISH","","6 Twin Melodies.pdf",3392
"9 NCRT","9 ENGLISH","","7 CARRIER OF WORDS.pdf",3542
"9 NCRT","9 ENGLISH","","8 Follow that dream.pdf",4408
"9 NCRT","9 ENGLISH","","full unit.pdf",3920
"9 NCRT","9 ENGLISH","","Kaveri.pdf",4642
"9 NCRT","9 HINDI","","ihga101.pdf",3735
"9 NCRT","9 HINDI","","ihga102.pdf",2256
"9 NCRT","9 HINDI","","ihga103.pdf",3065
"9 NCRT","9 HINDI","","ihga104.pdf",2740
"9 NCRT","9 HINDI","","ihga105.pdf",2418
"9 NCRT","9 HINDI","","ihga106.pdf",2555
"9 NCRT","9 HINDI","","ihga107.pdf",3743
"9 NCRT","9 HINDI","","ihga108.pdf",1958
"9 NCRT","9 HINDI","","ihga109.pdf",1971
"9 NCRT","9 HINDI","","ihga110.pdf",1953
"9 NCRT","9 HINDI","","ihga111.pdf",3368
"9 NCRT","9 HINDI","","ihga112.pdf",2218
"9 NCRT","9 HINDI","","ihga1ps.pdf",3572
"9 NCRT","9 MATHS","","1 Orienting Yourself The Use of Coordinates.pdf",1462
"9 NCRT","9 MATHS","","2Introduction to Linear Polynomials.pdf",2807
"9 NCRT","9 MATHS","","3 The World of Numbers.pdf",2431
"9 NCRT","9 MATHS","","4 Exploring Algebraic Identities.pdf",2201
"9 NCRT","9 MATHS","","5 I’m Up and Down, and Round and Round.pdf",2140
"9 NCRT","9 MATHS","","6 Measuring Space Perimeter and Area.pdf",3247
"9 NCRT","9 MATHS","","7 The Mathematics of Maybe Introduction to Probability.pdf",1756
"9 NCRT","9 MATHS","","8 Predicting What Comes Next Exploring Sequences and Progressions.pdf",2662
"9 NCRT","9 MATHS","","GANITA MANJARI.pdf",2722
"9 NCRT","9 SCIENCE","","1 Exploration Entering the World of Secondary Science.pdf",3517
"9 NCRT","9 SCIENCE","","10 Sound Waves Characteristics and Applications.pdf",13989
"9 NCRT","9 SCIENCE","","11 Reproduction How Life Continues.pdf",10555
"9 NCRT","9 SCIENCE","","12 Patterns in Life Diversity and Classification.pdf",15132
"9 NCRT","9 SCIENCE","","13 Earth as a System Energy, Matter, and life.pdf",14947
"9 NCRT","9 SCIENCE","","2 Cell The Building Block of Life.pdf",10766
"9 NCRT","9 SCIENCE","","3 Tissues in Action.pdf",13469
"9 NCRT","9 SCIENCE","","4 Describing Motion Around Us.pdf",7219
"9 NCRT","9 SCIENCE","","5 Exploring Mixtures and their Separation.pdf",11462
"9 NCRT","9 SCIENCE","","6 How Forces Affect Motion.pdf",7239
"9 NCRT","9 SCIENCE","","7 Work, Energy, and Simple Machines.pdf",7530
"9 NCRT","9 SCIENCE","","8 Journey Inside the Atom.pdf",5644
"9 NCRT","9 SCIENCE","","9 Atomic Foundations of Matter.pdf",6607
"9 NCRT","9 SCIENCE","","Exploration text book for 9.pdf",9284
"9 NCRT","9 SOCIAL","","1 Understanding Social Science.pdf",2141
"9 NCRT","9 SOCIAL","","2 Shaping of the Earth’s Surface.pdf",36914
"9 NCRT","9 SOCIAL","","3 Atmosphere and Climate.pdf",28574
"9 NCRT","9 SOCIAL","","4 Early Humans and Beginning of Civilisation.pdf",10738
"9 NCRT","9 SOCIAL","","5 State and Society up to 1000 CE.pdf",6208
"9 NCRT","9 SOCIAL","","6 Democracy.pdf",2614
"9 NCRT","9 SOCIAL","","7 Elections.pdf",2816
"9 NCRT","9 SOCIAL","","8 Building Blocks in Economics The Problem of Choice.pdf",1588
"9 NCRT","9 SOCIAL","","9 The Price Puzzle What Drives the Market.pdf",10457
"9 NCRT","9 SOCIAL","","Understanding Society India and Beyond.pdf",25140
"NCRT 8","NCRT CLASS 8 ENGLISH","","CLASS 8 ENGLISH POORVI INDEX.pdf",3700
"NCRT 8","NCRT CLASS 8 ENGLISH","","UNIT 1 WIT AND WISDOM.pdf",10345
"NCRT 8","NCRT CLASS 8 ENGLISH","","UNIT 3 MYSTERY AND MAJIC.pdf",14675
"NCRT 8","NCRT CLASS 8 ENGLISH","","UNIT 4 ENVIRONMENT.pdf",16476
"NCRT 8","NCRT CLASS 8 ENGLISH","","UNIT 5 SCIENCE AND CURIOCITY.pdf",11434
"NCRT 8","NCRT CLASS 8 ENGLISH","","UNIT2 VALUES AND DISPOSITION.pdf",11743
"NCRT 8","NCRT CLASS 8 HINDI","","CHAPTER 1 SWADESH.pdf",4509
"NCRT 8","NCRT CLASS 8 HINDI","","CHAPTER 10 THARUN KE SWAPNU.pdf",4228
"NCRT 8","NCRT CLASS 8 HINDI","","CHAPTER 2 DO GOWREYA.pdf",6282
"NCRT 8","NCRT CLASS 8 HINDI","","CHAPTER 3 EAK AASHIRVAAD.pdf",2667
"NCRT 8","NCRT CLASS 8 HINDI","","CHAPTER 4 HARIDVAR.pdf",5018
"NCRT 8","NCRT CLASS 8 HINDI","","CHAPTER 5 KABIR KE DOHE KADAM MILAKAR CHALNA HOGA.pdf",3362
"NCRT 8","NCRT CLASS 8 HINDI","","CHAPTER 6 EAAK TOKARI BAR MITTI.pdf",4364
"NCRT 8","NCRT CLASS 8 HINDI","","CHAPTER 7 MATH BAANTHOM.pdf",3905
"NCRT 8","NCRT CLASS 8 HINDI","","CHAPTER 8 NAI MEHMAAN.pdf",4673
"NCRT 8","NCRT CLASS 8 HINDI","","CHAPTER 9 ATHMI KA ANUPATH.pdf",4858
"NCRT 8","NCRT CLASS 8 HINDI","","INDEX.pdf",4505
"NCRT 8","NCRT CLASS 8 MATHS  GANITHAPRAKASH PART 1","","Chaper 3 A Story of Numbers.pdf",6922
"NCRT 8","NCRT CLASS 8 MATHS  GANITHAPRAKASH PART 1","","chapter  4 Quadrilaterals.pdf",2207
"NCRT 8","NCRT CLASS 8 MATHS  GANITHAPRAKASH PART 1","","Chapter 1 a Square and A cube.pdf",2200
"NCRT 8","NCRT CLASS 8 MATHS  GANITHAPRAKASH PART 1","","Chapter 2 Power Play.pdf",5404
"NCRT 8","NCRT CLASS 8 MATHS  GANITHAPRAKASH PART 1","","chapter 5 Number play.pdf",3189
"NCRT 8","NCRT CLASS 8 MATHS  GANITHAPRAKASH PART 1","","Chapter 6 We Distribute,Yet Things Multiply.pdf",2082
"NCRT 8","NCRT CLASS 8 MATHS  GANITHAPRAKASH PART 1","","chapter 7 Proportional Reasoning  1.pdf",2477
"NCRT 8","NCRT CLASS 8 MATHS  GANITHAPRAKASH PART 1","","Ganithaprakash part 1 INDEX.pdf",2781
"NCRT 8","NCRT CLASS 8 MATHS GANITHAPRAKASH PART 2","","CHAPTER 1 FRACTIONS IN DISGUISE.pdf",9327
"NCRT 8","NCRT CLASS 8 MATHS GANITHAPRAKASH PART 2","","CHAPTER 2 THE BAUDHAYANA -PYTHAGORAS THEOREM.pdf",8025
"NCRT 8","NCRT CLASS 8 MATHS GANITHAPRAKASH PART 2","","CHAPTER 3 PROPORTIONAL REASONING -2.pdf",3665
"NCRT 8","NCRT CLASS 8 MATHS GANITHAPRAKASH PART 2","","CHAPTER 4 EXPLORING SOME GEOMETRIC THEMES.pdf",12031
"NCRT 8","NCRT CLASS 8 MATHS GANITHAPRAKASH PART 2","","CHAPTER 5 TALES BY DOTS AND LINES.pdf",11249
"NCRT 8","NCRT CLASS 8 MATHS GANITHAPRAKASH PART 2","","CHAPTER 6 ALGEBRA PLAY.pdf",5252
"NCRT 8","NCRT CLASS 8 MATHS GANITHAPRAKASH PART 2","","CHAPTER 7 AREA.pdf",3820
"NCRT 8","NCRT CLASS 8 MATHS GANITHAPRAKASH PART 2","","LEARNING MATERIAL SHEETS &  INDEX.pdf",5374
"NCRT 8","NCRT CLASS 8 SCIENCE","","CHAPTER 1.pdf",1657
"NCRT 8","NCRT CLASS 8 SCIENCE","","CHAPTER 10  LIGHTS MIRRORS AND LENS.pdf",3512
"NCRT 8","NCRT CLASS 8 SCIENCE","","CHAPTER 11 KEEPING TIME WITH SKIES.pdf",3102
"NCRT 8","NCRT CLASS 8 SCIENCE","","CHAPTER 12 HOW NATURE WORK IN HARMONY.pdf",5031
"NCRT 8","NCRT CLASS 8 SCIENCE","","CHAPTER 13 OUR HOME EARTH A UNIQUE LIFE SUSTAINING PLANET.pdf",5643
"NCRT 8","NCRT CLASS 8 SCIENCE","","CHAPTER 2 THE INVISIBLE LIVING WORLD BEYOND OUR NACKED EYE.pdf",4149
"NCRT 8","NCRT CLASS 8 SCIENCE","","CHAPTER 3 HEALTH OUR ULTIMATE TRESURE.pdf",4195
"NCRT 8","NCRT CLASS 8 SCIENCE","","CHAPTER 4 ELECTRICITY MAGNETICS AND HEATING EFFECTS.pdf",3391
"NCRT 8","NCRT CLASS 8 SCIENCE","","CHAPTER 5 EXPLORING FORCES.pdf",3538
"NCRT 8","NCRT CLASS 8 SCIENCE","","CHAPTER 6 PRESURE  WIND STORMS.pdf",4422
"NCRT 8","NCRT CLASS 8 SCIENCE","","CHAPTER 7 PARTICULATE NATURE OF MATTER.pdf",4209
"NCRT 8","NCRT CLASS 8 SCIENCE","","CHAPTER 8 NATURE OF MATTER.pdf",3322
"NCRT 8","NCRT CLASS 8 SCIENCE","","CHAPTER 9 THE AMAZING WORLD OF SOLUTES.pdf",3287
"NCRT 8","NCRT CLASS 8 SCIENCE","","CURIOSITY INTEX.pdf",3590
"NCRT 8","NCRT CLASS 8 SOCIAL","","PART 1.pdf",20027
"NCRT 8","NCRT CLASS 8 SOCIAL","","POLITICAL MAP.pdf",5801
"NCRT 8","NCRT CLASS 8 SOCIAL","","THEME  E CHAPTER 7 FACTORS OF PRODUCTION.pdf",4604
"NCRT 8","NCRT CLASS 8 SOCIAL","","THEME A- TAPTER 1 NATURAL RESOURCES AND THEIR  USE.pdf",6456
"NCRT 8","NCRT CLASS 8 SOCIAL","","THEME B CHAPTER 2 RESHAPING INDIA_S POLITICAL MAP.pdf",12123
"NCRT 8","NCRT CLASS 8 SOCIAL","","THEME B CHAPTER 3 RISE OF THE MARATHAS.pdf",5545
"NCRT 8","NCRT CLASS 8 SOCIAL","","THEME B CHAPTER 4  THE COLONIAL ERA IN INDIA.pdf",5473
"NCRT 8","NCRT CLASS 8 SOCIAL","","THEME D CHAPTER 5 UNIVERSL FRANCHISE AND INDIAS ELECTORAL SYSTEM.pdf",5146
"NCRT 8","NCRT CLASS 8 SOCIAL","","THEME D CHAPTER 6 THE PARLIAMENTARY SYSTEM LEGISLATURE AND  EXECUTIVE.pdf",3377
